2025-06-03 14:22:16,kalau ai itu apa?
2025-06-03 14:22:30,ooo gitu ya
2025-06-03 14:22:55,berapa harga chatbot reynald intelligence?
2025-06-03 16:49:57,apakah chatbot juga termasuk ai?
2025-06-03 16:50:20,chatbot ini ada diskon ngga?
2025-06-03 16:50:28,ada diskon kah?
2025-06-03 16:50:35,apa ada diskon
2025-06-03 16:50:57,oke kalau gitu cara buatnya gimana?
2025-06-03 16:51:18,cara buat chatbotnya gimana?
2025-06-03 16:51:33,cara pakai chatbotnya gimana
2025-06-03 16:52:58,bayar berapa
2025-06-03 16:54:33,bagaimana cara membuatnya
2025-06-03 16:56:02,bisa costum
2025-06-03 16:56:26,bisa analisa laporan keuangan?
2025-06-03 16:57:06,edukasi?
2025-06-03 16:58:31,di e commerce
